{
  "Version": 1,
  "ManifestType": "Publish",
  "Endpoints": [
    {
      "Route": "assets/Dessert.jpeg",
      "AssetFile": "assets/Dessert.jpeg",
      "Selectors": [],
      "ResponseHeaders": [
        {
          "Name": "Accept-Ranges",
          "Value": "bytes"
        },
        {
          "Name": "Cache-Control",
          "Value": "max-age=3600, must-revalidate"
        },
        {
          "Name": "Content-Length",
          "Value": "303443"
        },
        {
          "Name": "Content-Type",
          "Value": "image/jpeg"
        },
        {
          "Name": "ETag",
          "Value": "\"lSi9XNcvyeoqETMMmBVEHTmlaJ06MmyH+WiXGrspdJo=\""
        },
        {
          "Name": "Last-Modified",
          "Value": "Thu, 04 Sep 2025 10:07:54 GMT"
        }
      ],
      "EndpointProperties": [
        {
          "Name": "integrity",
          "Value": "sha256-lSi9XNcvyeoqETMMmBVEHTmlaJ06MmyH+WiXGrspdJo="
        }
      ]
    },
    {
      "Route": "assets/Dessert.xt680dkbnn.jpeg",
      "AssetFile": "assets/Dessert.jpeg",
      "Selectors": [],
      "ResponseHeaders": [
        {
          "Name": "Accept-Ranges",
          "Value": "bytes"
        },
        {
          "Name": "Cache-Control",
          "Value": "max-age=31536000, immutable"
        },
        {
          "Name": "Content-Length",
          "Value": "303443"
        },
        {
          "Name": "Content-Type",
          "Value": "image/jpeg"
        },
        {
          "Name": "ETag",
          "Value": "\"lSi9XNcvyeoqETMMmBVEHTmlaJ06MmyH+WiXGrspdJo=\""
        },
        {
          "Name": "Last-Modified",
          "Value": "Thu, 04 Sep 2025 10:07:54 GMT"
        }
      ],
      "EndpointProperties": [
        {
          "Name": "fingerprint",
          "Value": "xt680dkbnn"
        },
        {
          "Name": "integrity",
          "Value": "sha256-lSi9XNcvyeoqETMMmBVEHTmlaJ06MmyH+WiXGrspdJo="
        },
        {
          "Name": "label",
          "Value": "assets/Dessert.jpeg"
        }
      ]
    },
    {
      "Route": "assets/Drinks.1qx7aqkcye.jpg",
      "AssetFile": "assets/Drinks.jpg",
      "Selectors": [],
      "ResponseHeaders": [
        {
          "Name": "Accept-Ranges",
          "Value": "bytes"
        },
        {
          "Name": "Cache-Control",
          "Value": "max-age=31536000, immutable"
        },
        {
          "Name": "Content-Length",
          "Value": "7969"
        },
        {
          "Name": "Content-Type",
          "Value": "image/jpeg"
        },
        {
          "Name": "ETag",
          "Value": "\"hyezj/j4IKWSSxkE/bZ8ieJSYT2Ajw9Wczo1uIe6VMU=\""
        },
        {
          "Name": "Last-Modified",
          "Value": "Thu, 04 Sep 2025 10:09:01 GMT"
        }
      ],
      "EndpointProperties": [
        {
          "Name": "fingerprint",
          "Value": "1qx7aqkcye"
        },
        {
          "Name": "integrity",
          "Value": "sha256-hyezj/j4IKWSSxkE/bZ8ieJSYT2Ajw9Wczo1uIe6VMU="
        },
        {
          "Name": "label",
          "Value": "assets/Drinks.jpg"
        }
      ]
    },
    {
      "Route": "assets/Drinks.jpg",
      "AssetFile": "assets/Drinks.jpg",
      "Selectors": [],
      "ResponseHeaders": [
        {
          "Name": "Accept-Ranges",
          "Value": "bytes"
        },
        {
          "Name": "Cache-Control",
          "Value": "max-age=3600, must-revalidate"
        },
        {
          "Name": "Content-Length",
          "Value": "7969"
        },
        {
          "Name": "Content-Type",
          "Value": "image/jpeg"
        },
        {
          "Name": "ETag",
          "Value": "\"hyezj/j4IKWSSxkE/bZ8ieJSYT2Ajw9Wczo1uIe6VMU=\""
        },
        {
          "Name": "Last-Modified",
          "Value": "Thu, 04 Sep 2025 10:09:01 GMT"
        }
      ],
      "EndpointProperties": [
        {
          "Name": "integrity",
          "Value": "sha256-hyezj/j4IKWSSxkE/bZ8ieJSYT2Ajw9Wczo1uIe6VMU="
        }
      ]
    },
    {
      "Route": "assets/Resturant.jpg",
      "AssetFile": "assets/Resturant.jpg",
      "Selectors": [],
      "ResponseHeaders": [
        {
          "Name": "Accept-Ranges",
          "Value": "bytes"
        },
        {
          "Name": "Cache-Control",
          "Value": "max-age=3600, must-revalidate"
        },
        {
          "Name": "Content-Length",
          "Value": "121111"
        },
        {
          "Name": "Content-Type",
          "Value": "image/jpeg"
        },
        {
          "Name": "ETag",
          "Value": "\"CB79FyD/DXkFCE9rUuPwjlDIFSVUa3q1Fnwu3lVfLEI=\""
        },
        {
          "Name": "Last-Modified",
          "Value": "Thu, 04 Sep 2025 08:48:14 GMT"
        }
      ],
      "EndpointProperties": [
        {
          "Name": "integrity",
          "Value": "sha256-CB79FyD/DXkFCE9rUuPwjlDIFSVUa3q1Fnwu3lVfLEI="
        }
      ]
    },
    {
      "Route": "assets/Resturant.klsd0n16er.jpg",
      "AssetFile": "assets/Resturant.jpg",
      "Selectors": [],
      "ResponseHeaders": [
        {
          "Name": "Accept-Ranges",
          "Value": "bytes"
        },
        {
          "Name": "Cache-Control",
          "Value": "max-age=31536000, immutable"
        },
        {
          "Name": "Content-Length",
          "Value": "121111"
        },
        {
          "Name": "Content-Type",
          "Value": "image/jpeg"
        },
        {
          "Name": "ETag",
          "Value": "\"CB79FyD/DXkFCE9rUuPwjlDIFSVUa3q1Fnwu3lVfLEI=\""
        },
        {
          "Name": "Last-Modified",
          "Value": "Thu, 04 Sep 2025 08:48:14 GMT"
        }
      ],
      "EndpointProperties": [
        {
          "Name": "fingerprint",
          "Value": "klsd0n16er"
        },
        {
          "Name": "integrity",
          "Value": "sha256-CB79FyD/DXkFCE9rUuPwjlDIFSVUa3q1Fnwu3lVfLEI="
        },
        {
          "Name": "label",
          "Value": "assets/Resturant.jpg"
        }
      ]
    },
    {
      "Route": "assets/logo.ehml1bimtx.jpeg",
      "AssetFile": "assets/logo.jpeg",
      "Selectors": [],
      "ResponseHeaders": [
        {
          "Name": "Accept-Ranges",
          "Value": "bytes"
        },
        {
          "Name": "Cache-Control",
          "Value": "max-age=31536000, immutable"
        },
        {
          "Name": "Content-Length",
          "Value": "15586"
        },
        {
          "Name": "Content-Type",
          "Value": "image/jpeg"
        },
        {
          "Name": "ETag",
          "Value": "\"7k2o+dFJHLP7+Uim9qx9r6xx0FLFYohJz3HO6LIAVKc=\""
        },
        {
          "Name": "Last-Modified",
          "Value": "Wed, 03 Sep 2025 15:54:49 GMT"
        }
      ],
      "EndpointProperties": [
        {
          "Name": "fingerprint",
          "Value": "ehml1bimtx"
        },
        {
          "Name": "integrity",
          "Value": "sha256-7k2o+dFJHLP7+Uim9qx9r6xx0FLFYohJz3HO6LIAVKc="
        },
        {
          "Name": "label",
          "Value": "assets/logo.jpeg"
        }
      ]
    },
    {
      "Route": "assets/logo.jpeg",
      "AssetFile": "assets/logo.jpeg",
      "Selectors": [],
      "ResponseHeaders": [
        {
          "Name": "Accept-Ranges",
          "Value": "bytes"
        },
        {
          "Name": "Cache-Control",
          "Value": "max-age=3600, must-revalidate"
        },
        {
          "Name": "Content-Length",
          "Value": "15586"
        },
        {
          "Name": "Content-Type",
          "Value": "image/jpeg"
        },
        {
          "Name": "ETag",
          "Value": "\"7k2o+dFJHLP7+Uim9qx9r6xx0FLFYohJz3HO6LIAVKc=\""
        },
        {
          "Name": "Last-Modified",
          "Value": "Wed, 03 Sep 2025 15:54:49 GMT"
        }
      ],
      "EndpointProperties": [
        {
          "Name": "integrity",
          "Value": "sha256-7k2o+dFJHLP7+Uim9qx9r6xx0FLFYohJz3HO6LIAVKc="
        }
      ]
    },
    {
      "Route": "assets/maincourse.1zb53pyw8p.jpg",
      "AssetFile": "assets/maincourse.jpg",
      "Selectors": [],
      "ResponseHeaders": [
        {
          "Name": "Accept-Ranges",
          "Value": "bytes"
        },
        {
          "Name": "Cache-Control",
          "Value": "max-age=31536000, immutable"
        },
        {
          "Name": "Content-Length",
          "Value": "10251"
        },
        {
          "Name": "Content-Type",
          "Value": "image/jpeg"
        },
        {
          "Name": "ETag",
          "Value": "\"3dIOD5iYUN4nJVsAgEA7C7uiCfZDfEV117V4gcqrTWs=\""
        },
        {
          "Name": "Last-Modified",
          "Value": "Thu, 04 Sep 2025 10:09:28 GMT"
        }
      ],
      "EndpointProperties": [
        {
          "Name": "fingerprint",
          "Value": "1zb53pyw8p"
        },
        {
          "Name": "integrity",
          "Value": "sha256-3dIOD5iYUN4nJVsAgEA7C7uiCfZDfEV117V4gcqrTWs="
        },
        {
          "Name": "label",
          "Value": "assets/maincourse.jpg"
        }
      ]
    },
    {
      "Route": "assets/maincourse.jpg",
      "AssetFile": "assets/maincourse.jpg",
      "Selectors": [],
      "ResponseHeaders": [
        {
          "Name": "Accept-Ranges",
          "Value": "bytes"
        },
        {
          "Name": "Cache-Control",
          "Value": "max-age=3600, must-revalidate"
        },
        {
          "Name": "Content-Length",
          "Value": "10251"
        },
        {
          "Name": "Content-Type",
          "Value": "image/jpeg"
        },
        {
          "Name": "ETag",
          "Value": "\"3dIOD5iYUN4nJVsAgEA7C7uiCfZDfEV117V4gcqrTWs=\""
        },
        {
          "Name": "Last-Modified",
          "Value": "Thu, 04 Sep 2025 10:09:28 GMT"
        }
      ],
      "EndpointProperties": [
        {
          "Name": "integrity",
          "Value": "sha256-3dIOD5iYUN4nJVsAgEA7C7uiCfZDfEV117V4gcqrTWs="
        }
      ]
    },
    {
      "Route": "assets/starter.48krborx2d.jpg",
      "AssetFile": "assets/starter.jpg",
      "Selectors": [],
      "ResponseHeaders": [
        {
          "Name": "Accept-Ranges",
          "Value": "bytes"
        },
        {
          "Name": "Cache-Control",
          "Value": "max-age=31536000, immutable"
        },
        {
          "Name": "Content-Length",
          "Value": "7523"
        },
        {
          "Name": "Content-Type",
          "Value": "image/jpeg"
        },
        {
          "Name": "ETag",
          "Value": "\"3CWAyDfc57jYlsbLQohdlxWfGgFEqM6IbLNBW6UAumQ=\""
        },
        {
          "Name": "Last-Modified",
          "Value": "Thu, 04 Sep 2025 10:10:34 GMT"
        }
      ],
      "EndpointProperties": [
        {
          "Name": "fingerprint",
          "Value": "48krborx2d"
        },
        {
          "Name": "integrity",
          "Value": "sha256-3CWAyDfc57jYlsbLQohdlxWfGgFEqM6IbLNBW6UAumQ="
        },
        {
          "Name": "label",
          "Value": "assets/starter.jpg"
        }
      ]
    },
    {
      "Route": "assets/starter.jpg",
      "AssetFile": "assets/starter.jpg",
      "Selectors": [],
      "ResponseHeaders": [
        {
          "Name": "Accept-Ranges",
          "Value": "bytes"
        },
        {
          "Name": "Cache-Control",
          "Value": "max-age=3600, must-revalidate"
        },
        {
          "Name": "Content-Length",
          "Value": "7523"
        },
        {
          "Name": "Content-Type",
          "Value": "image/jpeg"
        },
        {
          "Name": "ETag",
          "Value": "\"3CWAyDfc57jYlsbLQohdlxWfGgFEqM6IbLNBW6UAumQ=\""
        },
        {
          "Name": "Last-Modified",
          "Value": "Thu, 04 Sep 2025 10:10:34 GMT"
        }
      ],
      "EndpointProperties": [
        {
          "Name": "integrity",
          "Value": "sha256-3CWAyDfc57jYlsbLQohdlxWfGgFEqM6IbLNBW6UAumQ="
        }
      ]
    },
    {
      "Route": "chunk-ALIQTIYY.5ipweew5fc.js",
      "AssetFile": "chunk-ALIQTIYY.js",
      "Selectors": [],
      "ResponseHeaders": [
        {
          "Name": "Accept-Ranges",
          "Value": "bytes"
        },
        {
          "Name": "Cache-Control",
          "Value": "max-age=31536000, immutable"
        },
        {
          "Name": "Content-Length",
          "Value": "0"
        },
        {
          "Name": "Content-Type",
          "Value": "text/javascript"
        },
        {
          "Name": "ETag",
          "Value": "\"47DEQpj8HBSa+/TImW+5JCeuQeRkm5NMpJWZG3hSuFU=\""
        },
        {
          "Name": "Last-Modified",
          "Value": "Mon, 08 Sep 2025 11:42:16 GMT"
        }
      ],
      "EndpointProperties": [
        {
          "Name": "fingerprint",
          "Value": "5ipweew5fc"
        },
        {
          "Name": "integrity",
          "Value": "sha256-47DEQpj8HBSa+/TImW+5JCeuQeRkm5NMpJWZG3hSuFU="
        },
        {
          "Name": "label",
          "Value": "chunk-ALIQTIYY.js"
        }
      ]
    },
    {
      "Route": "chunk-ALIQTIYY.js",
      "AssetFile": "chunk-ALIQTIYY.js",
      "Selectors": [],
      "ResponseHeaders": [
        {
          "Name": "Accept-Ranges",
          "Value": "bytes"
        },
        {
          "Name": "Cache-Control",
          "Value": "no-cache"
        },
        {
          "Name": "Content-Length",
          "Value": "0"
        },
        {
          "Name": "Content-Type",
          "Value": "text/javascript"
        },
        {
          "Name": "ETag",
          "Value": "\"47DEQpj8HBSa+/TImW+5JCeuQeRkm5NMpJWZG3hSuFU=\""
        },
        {
          "Name": "Last-Modified",
          "Value": "Mon, 08 Sep 2025 11:42:16 GMT"
        }
      ],
      "EndpointProperties": [
        {
          "Name": "integrity",
          "Value": "sha256-47DEQpj8HBSa+/TImW+5JCeuQeRkm5NMpJWZG3hSuFU="
        }
      ]
    },
    {
      "Route": "chunk-BMBYILCS.5ipweew5fc.js",
      "AssetFile": "chunk-BMBYILCS.js",
      "Selectors": [],
      "ResponseHeaders": [
        {
          "Name": "Accept-Ranges",
          "Value": "bytes"
        },
        {
          "Name": "Cache-Control",
          "Value": "max-age=31536000, immutable"
        },
        {
          "Name": "Content-Length",
          "Value": "0"
        },
        {
          "Name": "Content-Type",
          "Value": "text/javascript"
        },
        {
          "Name": "ETag",
          "Value": "\"47DEQpj8HBSa+/TImW+5JCeuQeRkm5NMpJWZG3hSuFU=\""
        },
        {
          "Name": "Last-Modified",
          "Value": "Mon, 08 Sep 2025 11:42:16 GMT"
        }
      ],
      "EndpointProperties": [
        {
          "Name": "fingerprint",
          "Value": "5ipweew5fc"
        },
        {
          "Name": "integrity",
          "Value": "sha256-47DEQpj8HBSa+/TImW+5JCeuQeRkm5NMpJWZG3hSuFU="
        },
        {
          "Name": "label",
          "Value": "chunk-BMBYILCS.js"
        }
      ]
    },
    {
      "Route": "chunk-BMBYILCS.js",
      "AssetFile": "chunk-BMBYILCS.js",
      "Selectors": [],
      "ResponseHeaders": [
        {
          "Name": "Accept-Ranges",
          "Value": "bytes"
        },
        {
          "Name": "Cache-Control",
          "Value": "no-cache"
        },
        {
          "Name": "Content-Length",
          "Value": "0"
        },
        {
          "Name": "Content-Type",
          "Value": "text/javascript"
        },
        {
          "Name": "ETag",
          "Value": "\"47DEQpj8HBSa+/TImW+5JCeuQeRkm5NMpJWZG3hSuFU=\""
        },
        {
          "Name": "Last-Modified",
          "Value": "Mon, 08 Sep 2025 11:42:16 GMT"
        }
      ],
      "EndpointProperties": [
        {
          "Name": "integrity",
          "Value": "sha256-47DEQpj8HBSa+/TImW+5JCeuQeRkm5NMpJWZG3hSuFU="
        }
      ]
    },
    {
      "Route": "chunk-L2HEV66R.5ipweew5fc.js",
      "AssetFile": "chunk-L2HEV66R.js",
      "Selectors": [],
      "ResponseHeaders": [
        {
          "Name": "Accept-Ranges",
          "Value": "bytes"
        },
        {
          "Name": "Cache-Control",
          "Value": "max-age=31536000, immutable"
        },
        {
          "Name": "Content-Length",
          "Value": "0"
        },
        {
          "Name": "Content-Type",
          "Value": "text/javascript"
        },
        {
          "Name": "ETag",
          "Value": "\"47DEQpj8HBSa+/TImW+5JCeuQeRkm5NMpJWZG3hSuFU=\""
        },
        {
          "Name": "Last-Modified",
          "Value": "Mon, 08 Sep 2025 11:42:16 GMT"
        }
      ],
      "EndpointProperties": [
        {
          "Name": "fingerprint",
          "Value": "5ipweew5fc"
        },
        {
          "Name": "integrity",
          "Value": "sha256-47DEQpj8HBSa+/TImW+5JCeuQeRkm5NMpJWZG3hSuFU="
        },
        {
          "Name": "label",
          "Value": "chunk-L2HEV66R.js"
        }
      ]
    },
    {
      "Route": "chunk-L2HEV66R.js",
      "AssetFile": "chunk-L2HEV66R.js",
      "Selectors": [],
      "ResponseHeaders": [
        {
          "Name": "Accept-Ranges",
          "Value": "bytes"
        },
        {
          "Name": "Cache-Control",
          "Value": "no-cache"
        },
        {
          "Name": "Content-Length",
          "Value": "0"
        },
        {
          "Name": "Content-Type",
          "Value": "text/javascript"
        },
        {
          "Name": "ETag",
          "Value": "\"47DEQpj8HBSa+/TImW+5JCeuQeRkm5NMpJWZG3hSuFU=\""
        },
        {
          "Name": "Last-Modified",
          "Value": "Mon, 08 Sep 2025 11:42:16 GMT"
        }
      ],
      "EndpointProperties": [
        {
          "Name": "integrity",
          "Value": "sha256-47DEQpj8HBSa+/TImW+5JCeuQeRkm5NMpJWZG3hSuFU="
        }
      ]
    },
    {
      "Route": "chunk-NYZOWURK.5ipweew5fc.js",
      "AssetFile": "chunk-NYZOWURK.js",
      "Selectors": [],
      "ResponseHeaders": [
        {
          "Name": "Accept-Ranges",
          "Value": "bytes"
        },
        {
          "Name": "Cache-Control",
          "Value": "max-age=31536000, immutable"
        },
        {
          "Name": "Content-Length",
          "Value": "0"
        },
        {
          "Name": "Content-Type",
          "Value": "text/javascript"
        },
        {
          "Name": "ETag",
          "Value": "\"47DEQpj8HBSa+/TImW+5JCeuQeRkm5NMpJWZG3hSuFU=\""
        },
        {
          "Name": "Last-Modified",
          "Value": "Mon, 08 Sep 2025 11:42:16 GMT"
        }
      ],
      "EndpointProperties": [
        {
          "Name": "fingerprint",
          "Value": "5ipweew5fc"
        },
        {
          "Name": "integrity",
          "Value": "sha256-47DEQpj8HBSa+/TImW+5JCeuQeRkm5NMpJWZG3hSuFU="
        },
        {
          "Name": "label",
          "Value": "chunk-NYZOWURK.js"
        }
      ]
    },
    {
      "Route": "chunk-NYZOWURK.js",
      "AssetFile": "chunk-NYZOWURK.js",
      "Selectors": [],
      "ResponseHeaders": [
        {
          "Name": "Accept-Ranges",
          "Value": "bytes"
        },
        {
          "Name": "Cache-Control",
          "Value": "no-cache"
        },
        {
          "Name": "Content-Length",
          "Value": "0"
        },
        {
          "Name": "Content-Type",
          "Value": "text/javascript"
        },
        {
          "Name": "ETag",
          "Value": "\"47DEQpj8HBSa+/TImW+5JCeuQeRkm5NMpJWZG3hSuFU=\""
        },
        {
          "Name": "Last-Modified",
          "Value": "Mon, 08 Sep 2025 11:42:16 GMT"
        }
      ],
      "EndpointProperties": [
        {
          "Name": "integrity",
          "Value": "sha256-47DEQpj8HBSa+/TImW+5JCeuQeRkm5NMpJWZG3hSuFU="
        }
      ]
    },
    {
      "Route": "favicon.ico",
      "AssetFile": "favicon.ico",
      "Selectors": [],
      "ResponseHeaders": [
        {
          "Name": "Accept-Ranges",
          "Value": "bytes"
        },
        {
          "Name": "Cache-Control",
          "Value": "max-age=3600, must-revalidate"
        },
        {
          "Name": "Content-Length",
          "Value": "15086"
        },
        {
          "Name": "Content-Type",
          "Value": "image/x-icon"
        },
        {
          "Name": "ETag",
          "Value": "\"+RAr6AKXwFKSB2B75Sd7T5C8qJ1lmI+hdxuRx4lOgV8=\""
        },
        {
          "Name": "Last-Modified",
          "Value": "Sat, 23 Aug 2025 08:48:45 GMT"
        }
      ],
      "EndpointProperties": [
        {
          "Name": "integrity",
          "Value": "sha256-+RAr6AKXwFKSB2B75Sd7T5C8qJ1lmI+hdxuRx4lOgV8="
        }
      ]
    },
    {
      "Route": "favicon.vagikyz9qx.ico",
      "AssetFile": "favicon.ico",
      "Selectors": [],
      "ResponseHeaders": [
        {
          "Name": "Accept-Ranges",
          "Value": "bytes"
        },
        {
          "Name": "Cache-Control",
          "Value": "max-age=31536000, immutable"
        },
        {
          "Name": "Content-Length",
          "Value": "15086"
        },
        {
          "Name": "Content-Type",
          "Value": "image/x-icon"
        },
        {
          "Name": "ETag",
          "Value": "\"+RAr6AKXwFKSB2B75Sd7T5C8qJ1lmI+hdxuRx4lOgV8=\""
        },
        {
          "Name": "Last-Modified",
          "Value": "Sat, 23 Aug 2025 08:48:45 GMT"
        }
      ],
      "EndpointProperties": [
        {
          "Name": "fingerprint",
          "Value": "vagikyz9qx"
        },
        {
          "Name": "integrity",
          "Value": "sha256-+RAr6AKXwFKSB2B75Sd7T5C8qJ1lmI+hdxuRx4lOgV8="
        },
        {
          "Name": "label",
          "Value": "favicon.ico"
        }
      ]
    },
    {
      "Route": "index.html",
      "AssetFile": "index.html",
      "Selectors": [],
      "ResponseHeaders": [
        {
          "Name": "Accept-Ranges",
          "Value": "bytes"
        },
        {
          "Name": "Cache-Control",
          "Value": "no-cache"
        },
        {
          "Name": "Content-Length",
          "Value": "25012"
        },
        {
          "Name": "Content-Type",
          "Value": "text/html"
        },
        {
          "Name": "ETag",
          "Value": "\"MWR96sNefvtE5J9ZtdStwYKtUnniHvDBJD9DfJW/KvU=\""
        },
        {
          "Name": "Last-Modified",
          "Value": "Mon, 08 Sep 2025 11:42:16 GMT"
        }
      ],
      "EndpointProperties": [
        {
          "Name": "integrity",
          "Value": "sha256-MWR96sNefvtE5J9ZtdStwYKtUnniHvDBJD9DfJW/KvU="
        }
      ]
    },
    {
      "Route": "index.lb1uq6t4o2.html",
      "AssetFile": "index.html",
      "Selectors": [],
      "ResponseHeaders": [
        {
          "Name": "Accept-Ranges",
          "Value": "bytes"
        },
        {
          "Name": "Cache-Control",
          "Value": "max-age=31536000, immutable"
        },
        {
          "Name": "Content-Length",
          "Value": "25012"
        },
        {
          "Name": "Content-Type",
          "Value": "text/html"
        },
        {
          "Name": "ETag",
          "Value": "\"MWR96sNefvtE5J9ZtdStwYKtUnniHvDBJD9DfJW/KvU=\""
        },
        {
          "Name": "Last-Modified",
          "Value": "Mon, 08 Sep 2025 11:42:16 GMT"
        }
      ],
      "EndpointProperties": [
        {
          "Name": "fingerprint",
          "Value": "lb1uq6t4o2"
        },
        {
          "Name": "integrity",
          "Value": "sha256-MWR96sNefvtE5J9ZtdStwYKtUnniHvDBJD9DfJW/KvU="
        },
        {
          "Name": "label",
          "Value": "index.html"
        }
      ]
    },
    {
      "Route": "main-M6EMTRZK.feh00bhv92.js",
      "AssetFile": "main-M6EMTRZK.js",
      "Selectors": [],
      "ResponseHeaders": [
        {
          "Name": "Accept-Ranges",
          "Value": "bytes"
        },
        {
          "Name": "Cache-Control",
          "Value": "max-age=31536000, immutable"
        },
        {
          "Name": "Content-Length",
          "Value": "985046"
        },
        {
          "Name": "Content-Type",
          "Value": "text/javascript"
        },
        {
          "Name": "ETag",
          "Value": "\"FzRgtJy80kZdhLombaX9bg7nH+LeGQvTh94GPWLp+dQ=\""
        },
        {
          "Name": "Last-Modified",
          "Value": "Mon, 08 Sep 2025 11:42:16 GMT"
        }
      ],
      "EndpointProperties": [
        {
          "Name": "fingerprint",
          "Value": "feh00bhv92"
        },
        {
          "Name": "integrity",
          "Value": "sha256-FzRgtJy80kZdhLombaX9bg7nH+LeGQvTh94GPWLp+dQ="
        },
        {
          "Name": "label",
          "Value": "main-M6EMTRZK.js"
        }
      ]
    },
    {
      "Route": "main-M6EMTRZK.js",
      "AssetFile": "main-M6EMTRZK.js",
      "Selectors": [],
      "ResponseHeaders": [
        {
          "Name": "Accept-Ranges",
          "Value": "bytes"
        },
        {
          "Name": "Cache-Control",
          "Value": "no-cache"
        },
        {
          "Name": "Content-Length",
          "Value": "985046"
        },
        {
          "Name": "Content-Type",
          "Value": "text/javascript"
        },
        {
          "Name": "ETag",
          "Value": "\"FzRgtJy80kZdhLombaX9bg7nH+LeGQvTh94GPWLp+dQ=\""
        },
        {
          "Name": "Last-Modified",
          "Value": "Mon, 08 Sep 2025 11:42:16 GMT"
        }
      ],
      "EndpointProperties": [
        {
          "Name": "integrity",
          "Value": "sha256-FzRgtJy80kZdhLombaX9bg7nH+LeGQvTh94GPWLp+dQ="
        }
      ]
    },
    {
      "Route": "media/fa-brands-400-WVWUIHCX.q28bbgemto.woff2",
      "AssetFile": "media/fa-brands-400-WVWUIHCX.woff2",
      "Selectors": [],
      "ResponseHeaders": [
        {
          "Name": "Accept-Ranges",
          "Value": "bytes"
        },
        {
          "Name": "Cache-Control",
          "Value": "max-age=31536000, immutable"
        },
        {
          "Name": "Content-Length",
          "Value": "101088"
        },
        {
          "Name": "Content-Type",
          "Value": "font/woff2"
        },
        {
          "Name": "ETag",
          "Value": "\"ooi1jyNk47MYJ3wg9KqWiJuHW/JZV3a6Ogwa3IAMLTw=\""
        },
        {
          "Name": "Last-Modified",
          "Value": "Mon, 08 Sep 2025 11:42:16 GMT"
        }
      ],
      "EndpointProperties": [
        {
          "Name": "fingerprint",
          "Value": "q28bbgemto"
        },
        {
          "Name": "integrity",
          "Value": "sha256-ooi1jyNk47MYJ3wg9KqWiJuHW/JZV3a6Ogwa3IAMLTw="
        },
        {
          "Name": "label",
          "Value": "media/fa-brands-400-WVWUIHCX.woff2"
        }
      ]
    },
    {
      "Route": "media/fa-brands-400-WVWUIHCX.woff2",
      "AssetFile": "media/fa-brands-400-WVWUIHCX.woff2",
      "Selectors": [],
      "ResponseHeaders": [
        {
          "Name": "Accept-Ranges",
          "Value": "bytes"
        },
        {
          "Name": "Cache-Control",
          "Value": "max-age=3600, must-revalidate"
        },
        {
          "Name": "Content-Length",
          "Value": "101088"
        },
        {
          "Name": "Content-Type",
          "Value": "font/woff2"
        },
        {
          "Name": "ETag",
          "Value": "\"ooi1jyNk47MYJ3wg9KqWiJuHW/JZV3a6Ogwa3IAMLTw=\""
        },
        {
          "Name": "Last-Modified",
          "Value": "Mon, 08 Sep 2025 11:42:16 GMT"
        }
      ],
      "EndpointProperties": [
        {
          "Name": "integrity",
          "Value": "sha256-ooi1jyNk47MYJ3wg9KqWiJuHW/JZV3a6Ogwa3IAMLTw="
        }
      ]
    },
    {
      "Route": "media/fa-regular-400-I5DJMINO.oda9zrw7am.woff2",
      "AssetFile": "media/fa-regular-400-I5DJMINO.woff2",
      "Selectors": [],
      "ResponseHeaders": [
        {
          "Name": "Accept-Ranges",
          "Value": "bytes"
        },
        {
          "Name": "Cache-Control",
          "Value": "max-age=31536000, immutable"
        },
        {
          "Name": "Content-Length",
          "Value": "18892"
        },
        {
          "Name": "Content-Type",
          "Value": "font/woff2"
        },
        {
          "Name": "ETag",
          "Value": "\"NFTB0Ox7TZC0WzN5ziKcSUQgQbwjxAZE5MA2DsBDKEw=\""
        },
        {
          "Name": "Last-Modified",
          "Value": "Mon, 08 Sep 2025 11:42:16 GMT"
        }
      ],
      "EndpointProperties": [
        {
          "Name": "fingerprint",
          "Value": "oda9zrw7am"
        },
        {
          "Name": "integrity",
          "Value": "sha256-NFTB0Ox7TZC0WzN5ziKcSUQgQbwjxAZE5MA2DsBDKEw="
        },
        {
          "Name": "label",
          "Value": "media/fa-regular-400-I5DJMINO.woff2"
        }
      ]
    },
    {
      "Route": "media/fa-regular-400-I5DJMINO.woff2",
      "AssetFile": "media/fa-regular-400-I5DJMINO.woff2",
      "Selectors": [],
      "ResponseHeaders": [
        {
          "Name": "Accept-Ranges",
          "Value": "bytes"
        },
        {
          "Name": "Cache-Control",
          "Value": "max-age=3600, must-revalidate"
        },
        {
          "Name": "Content-Length",
          "Value": "18892"
        },
        {
          "Name": "Content-Type",
          "Value": "font/woff2"
        },
        {
          "Name": "ETag",
          "Value": "\"NFTB0Ox7TZC0WzN5ziKcSUQgQbwjxAZE5MA2DsBDKEw=\""
        },
        {
          "Name": "Last-Modified",
          "Value": "Mon, 08 Sep 2025 11:42:16 GMT"
        }
      ],
      "EndpointProperties": [
        {
          "Name": "integrity",
          "Value": "sha256-NFTB0Ox7TZC0WzN5ziKcSUQgQbwjxAZE5MA2DsBDKEw="
        }
      ]
    },
    {
      "Route": "media/fa-solid-900-C5F6UWGT.m9tcp3o9vf.woff2",
      "AssetFile": "media/fa-solid-900-C5F6UWGT.woff2",
      "Selectors": [],
      "ResponseHeaders": [
        {
          "Name": "Accept-Ranges",
          "Value": "bytes"
        },
        {
          "Name": "Cache-Control",
          "Value": "max-age=31536000, immutable"
        },
        {
          "Name": "Content-Length",
          "Value": "113108"
        },
        {
          "Name": "Content-Type",
          "Value": "font/woff2"
        },
        {
          "Name": "ETag",
          "Value": "\"KoSuR6qBgyV+3wg2CYaAOoCaLqDDTDxyKVYsYsFcn/I=\""
        },
        {
          "Name": "Last-Modified",
          "Value": "Mon, 08 Sep 2025 11:42:16 GMT"
        }
      ],
      "EndpointProperties": [
        {
          "Name": "fingerprint",
          "Value": "m9tcp3o9vf"
        },
        {
          "Name": "integrity",
          "Value": "sha256-KoSuR6qBgyV+3wg2CYaAOoCaLqDDTDxyKVYsYsFcn/I="
        },
        {
          "Name": "label",
          "Value": "media/fa-solid-900-C5F6UWGT.woff2"
        }
      ]
    },
    {
      "Route": "media/fa-solid-900-C5F6UWGT.woff2",
      "AssetFile": "media/fa-solid-900-C5F6UWGT.woff2",
      "Selectors": [],
      "ResponseHeaders": [
        {
          "Name": "Accept-Ranges",
          "Value": "bytes"
        },
        {
          "Name": "Cache-Control",
          "Value": "max-age=3600, must-revalidate"
        },
        {
          "Name": "Content-Length",
          "Value": "113108"
        },
        {
          "Name": "Content-Type",
          "Value": "font/woff2"
        },
        {
          "Name": "ETag",
          "Value": "\"KoSuR6qBgyV+3wg2CYaAOoCaLqDDTDxyKVYsYsFcn/I=\""
        },
        {
          "Name": "Last-Modified",
          "Value": "Mon, 08 Sep 2025 11:42:16 GMT"
        }
      ],
      "EndpointProperties": [
        {
          "Name": "integrity",
          "Value": "sha256-KoSuR6qBgyV+3wg2CYaAOoCaLqDDTDxyKVYsYsFcn/I="
        }
      ]
    },
    {
      "Route": "media/fa-v4compatibility-EXH5IDFW.aqby3l4rw8.woff2",
      "AssetFile": "media/fa-v4compatibility-EXH5IDFW.woff2",
      "Selectors": [],
      "ResponseHeaders": [
        {
          "Name": "Accept-Ranges",
          "Value": "bytes"
        },
        {
          "Name": "Cache-Control",
          "Value": "max-age=31536000, immutable"
        },
        {
          "Name": "Content-Length",
          "Value": "4132"
        },
        {
          "Name": "Content-Type",
          "Value": "font/woff2"
        },
        {
          "Name": "ETag",
          "Value": "\"Hjl+P1r48gzyCy97MaE4FMIqYVleR9ur7BiOA7mI7Vg=\""
        },
        {
          "Name": "Last-Modified",
          "Value": "Mon, 08 Sep 2025 11:42:16 GMT"
        }
      ],
      "EndpointProperties": [
        {
          "Name": "fingerprint",
          "Value": "aqby3l4rw8"
        },
        {
          "Name": "integrity",
          "Value": "sha256-Hjl+P1r48gzyCy97MaE4FMIqYVleR9ur7BiOA7mI7Vg="
        },
        {
          "Name": "label",
          "Value": "media/fa-v4compatibility-EXH5IDFW.woff2"
        }
      ]
    },
    {
      "Route": "media/fa-v4compatibility-EXH5IDFW.woff2",
      "AssetFile": "media/fa-v4compatibility-EXH5IDFW.woff2",
      "Selectors": [],
      "ResponseHeaders": [
        {
          "Name": "Accept-Ranges",
          "Value": "bytes"
        },
        {
          "Name": "Cache-Control",
          "Value": "max-age=3600, must-revalidate"
        },
        {
          "Name": "Content-Length",
          "Value": "4132"
        },
        {
          "Name": "Content-Type",
          "Value": "font/woff2"
        },
        {
          "Name": "ETag",
          "Value": "\"Hjl+P1r48gzyCy97MaE4FMIqYVleR9ur7BiOA7mI7Vg=\""
        },
        {
          "Name": "Last-Modified",
          "Value": "Mon, 08 Sep 2025 11:42:16 GMT"
        }
      ],
      "EndpointProperties": [
        {
          "Name": "integrity",
          "Value": "sha256-Hjl+P1r48gzyCy97MaE4FMIqYVleR9ur7BiOA7mI7Vg="
        }
      ]
    },
    {
      "Route": "polyfills-B6TNHZQ6.js",
      "AssetFile": "polyfills-B6TNHZQ6.js",
      "Selectors": [],
      "ResponseHeaders": [
        {
          "Name": "Accept-Ranges",
          "Value": "bytes"
        },
        {
          "Name": "Cache-Control",
          "Value": "no-cache"
        },
        {
          "Name": "Content-Length",
          "Value": "34579"
        },
        {
          "Name": "Content-Type",
          "Value": "text/javascript"
        },
        {
          "Name": "ETag",
          "Value": "\"5YQR23G5CGFsXCEtI3Pntat5BVx5h+CDbmSyWdpyUH8=\""
        },
        {
          "Name": "Last-Modified",
          "Value": "Mon, 08 Sep 2025 11:42:16 GMT"
        }
      ],
      "EndpointProperties": [
        {
          "Name": "integrity",
          "Value": "sha256-5YQR23G5CGFsXCEtI3Pntat5BVx5h+CDbmSyWdpyUH8="
        }
      ]
    },
    {
      "Route": "polyfills-B6TNHZQ6.pjm38qobjh.js",
      "AssetFile": "polyfills-B6TNHZQ6.js",
      "Selectors": [],
      "ResponseHeaders": [
        {
          "Name": "Accept-Ranges",
          "Value": "bytes"
        },
        {
          "Name": "Cache-Control",
          "Value": "max-age=31536000, immutable"
        },
        {
          "Name": "Content-Length",
          "Value": "34579"
        },
        {
          "Name": "Content-Type",
          "Value": "text/javascript"
        },
        {
          "Name": "ETag",
          "Value": "\"5YQR23G5CGFsXCEtI3Pntat5BVx5h+CDbmSyWdpyUH8=\""
        },
        {
          "Name": "Last-Modified",
          "Value": "Mon, 08 Sep 2025 11:42:16 GMT"
        }
      ],
      "EndpointProperties": [
        {
          "Name": "fingerprint",
          "Value": "pjm38qobjh"
        },
        {
          "Name": "integrity",
          "Value": "sha256-5YQR23G5CGFsXCEtI3Pntat5BVx5h+CDbmSyWdpyUH8="
        },
        {
          "Name": "label",
          "Value": "polyfills-B6TNHZQ6.js"
        }
      ]
    },
    {
      "Route": "styles-4EU2CYZM.css",
      "AssetFile": "styles-4EU2CYZM.css",
      "Selectors": [],
      "ResponseHeaders": [
        {
          "Name": "Accept-Ranges",
          "Value": "bytes"
        },
        {
          "Name": "Cache-Control",
          "Value": "no-cache"
        },
        {
          "Name": "Content-Length",
          "Value": "90132"
        },
        {
          "Name": "Content-Type",
          "Value": "text/css"
        },
        {
          "Name": "ETag",
          "Value": "\"Oqv4V6BXuRrZtxD7gRlTuLTlyuPfT2SmlSQRx3LTJZI=\""
        },
        {
          "Name": "Last-Modified",
          "Value": "Mon, 08 Sep 2025 11:42:16 GMT"
        }
      ],
      "EndpointProperties": [
        {
          "Name": "integrity",
          "Value": "sha256-Oqv4V6BXuRrZtxD7gRlTuLTlyuPfT2SmlSQRx3LTJZI="
        }
      ]
    },
    {
      "Route": "styles-4EU2CYZM.m4aanrca8i.css",
      "AssetFile": "styles-4EU2CYZM.css",
      "Selectors": [],
      "ResponseHeaders": [
        {
          "Name": "Accept-Ranges",
          "Value": "bytes"
        },
        {
          "Name": "Cache-Control",
          "Value": "max-age=31536000, immutable"
        },
        {
          "Name": "Content-Length",
          "Value": "90132"
        },
        {
          "Name": "Content-Type",
          "Value": "text/css"
        },
        {
          "Name": "ETag",
          "Value": "\"Oqv4V6BXuRrZtxD7gRlTuLTlyuPfT2SmlSQRx3LTJZI=\""
        },
        {
          "Name": "Last-Modified",
          "Value": "Mon, 08 Sep 2025 11:42:16 GMT"
        }
      ],
      "EndpointProperties": [
        {
          "Name": "fingerprint",
          "Value": "m4aanrca8i"
        },
        {
          "Name": "integrity",
          "Value": "sha256-Oqv4V6BXuRrZtxD7gRlTuLTlyuPfT2SmlSQRx3LTJZI="
        },
        {
          "Name": "label",
          "Value": "styles-4EU2CYZM.css"
        }
      ]
    }
  ]
}